"SALEDATE","SALE_YEAR","SALE_MONTHNAME","SALE_DAY","SALE_MONTH"
"Tue Dec 16 2014 12:30:00 GMT-0800 (PST)","2014","Dec","16",12
"Tue Dec 16 2014 12:30:00 GMT-0800 (PST)","2014","Dec","16",12
"Thu Jan 15 2015 04:30:00 GMT-0800 (PST)","2015","Jan","15",1
"Thu Jan 29 2015 04:30:00 GMT-0800 (PST)","2015","Jan","29",1
"Thu Dec 18 2014 12:30:00 GMT-0800 (PST)","2014","Dec","18",12
"Tue Dec 30 2014 12:00:00 GMT-0800 (PST)","2014","Dec","30",12
"Wed Dec 17 2014 12:30:00 GMT-0800 (PST)","2014","Dec","17",12
"Tue Dec 16 2014 13:00:00 GMT-0800 (PST)","2014","Dec","16",12
"Thu Dec 18 2014 12:00:00 GMT-0800 (PST)","2014","Dec","18",12
"Tue Jan 20 2015 04:00:00 GMT-0800 (PST)","2015","Jan","20",1
"Tue Dec 16 2014 12:30:00 GMT-0800 (PST)","2014","Dec","16",12
"Tue Dec 16 2014 12:00:00 GMT-0800 (PST)","2014","Dec","16",12
"Tue Jan 13 2015 12:00:00 GMT-0800 (PST)","2015","Jan","13",1
"Tue Dec 16 2014 12:30:00 GMT-0800 (PST)","2014","Dec","16",12
"Tue Dec 16 2014 12:00:00 GMT-0800 (PST)","2014","Dec","16",12
"Tue Dec 23 2014 12:00:00 GMT-0800 (PST)","2014","Dec","23",12
"Tue Dec 16 2014 13:00:00 GMT-0800 (PST)","2014","Dec","16",12
"Thu Dec 18 2014 12:30:00 GMT-0800 (PST)","2014","Dec","18",12
"Tue Dec 30 2014 15:00:00 GMT-0800 (PST)","2014","Dec","30",12
"Wed Dec 17 2014 12:30:00 GMT-0800 (PST)","2014","Dec","17",12
"Tue Jul 07 2015 09:30:00 GMT-0700 (PDT)","2015","Jul","07",7
"Tue Feb 03 2015 04:30:00 GMT-0800 (PST)","2015","Feb","03",2
"Tue Dec 16 2014 12:00:00 GMT-0800 (PST)","2014","Dec","16",12
"Thu Dec 18 2014 12:30:00 GMT-0800 (PST)","2014","Dec","18",12
"Tue Jan 06 2015 12:30:00 GMT-0800 (PST)","2015","Jan","06",1
"Tue Dec 16 2014 13:00:00 GMT-0800 (PST)","2014","Dec","16",12
"Thu Feb 26 2015 04:30:00 GMT-0800 (PST)","2015","Feb","26",2
"Thu Feb 12 2015 04:30:00 GMT-0800 (PST)","2015","Feb","12",2
"Tue Dec 16 2014 13:00:00 GMT-0800 (PST)","2014","Dec","16",12
"Thu Dec 18 2014 12:00:00 GMT-0800 (PST)","2014","Dec","18",12
"Tue Dec 30 2014 12:30:00 GMT-0800 (PST)","2014","Dec","30",12
"Thu Jan 29 2015 04:00:00 GMT-0800 (PST)","2015","Jan","29",1
"Tue Dec 16 2014 12:30:00 GMT-0800 (PST)","2014","Dec","16",12
"Thu Dec 18 2014 12:00:00 GMT-0800 (PST)","2014","Dec","18",12
"Tue Dec 16 2014 12:30:00 GMT-0800 (PST)","2014","Dec","16",12
"Tue Jan 06 2015 04:00:00 GMT-0800 (PST)","2015","Jan","06",1
"Thu Dec 18 2014 12:00:00 GMT-0800 (PST)","2014","Dec","18",12
"Thu Jan 15 2015 04:30:00 GMT-0800 (PST)","2015","Jan","15",1
"Tue Jan 13 2015 04:30:00 GMT-0800 (PST)","2015","Jan","13",1
"Thu Jan 15 2015 04:30:00 GMT-0800 (PST)","2015","Jan","15",1
"Wed Feb 04 2015 04:30:00 GMT-0800 (PST)","2015","Feb","04",2
"Thu Dec 18 2014 12:00:00 GMT-0800 (PST)","2014","Dec","18",12
"Tue Jan 06 2015 04:30:00 GMT-0800 (PST)","2015","Jan","06",1
"Thu Dec 18 2014 12:30:00 GMT-0800 (PST)","2014","Dec","18",12
"Tue Dec 16 2014 13:00:00 GMT-0800 (PST)","2014","Dec","16",12
"Thu Dec 18 2014 12:30:00 GMT-0800 (PST)","2014","Dec","18",12
"Thu Dec 18 2014 12:30:00 GMT-0800 (PST)","2014","Dec","18",12
"Thu Jan 22 2015 03:30:00 GMT-0800 (PST)","2015","Jan","22",1
"Thu Dec 18 2014 12:00:00 GMT-0800 (PST)","2014","Dec","18",12
"Tue Dec 16 2014 12:30:00 GMT-0800 (PST)","2014","Dec","16",12
"Thu Dec 18 2014 12:30:00 GMT-0800 (PST)","2014","Dec","18",12
"Thu Dec 18 2014 12:00:00 GMT-0800 (PST)","2014","Dec","18",12
"Wed Dec 17 2014 12:30:00 GMT-0800 (PST)","2014","Dec","17",12
"Tue Dec 30 2014 12:00:00 GMT-0800 (PST)","2014","Dec","30",12
"Tue Feb 17 2015 04:30:00 GMT-0800 (PST)","2015","Feb","17",2
"Tue Dec 16 2014 12:30:00 GMT-0800 (PST)","2014","Dec","16",12
"Wed Jan 14 2015 07:05:00 GMT-0800 (PST)","2015","Jan","14",1
"Tue Dec 30 2014 00:00:00 GMT-0800 (PST)","2014","Dec","30",12
"Tue Dec 16 2014 12:00:00 GMT-0800 (PST)","2014","Dec","16",12
"Thu Dec 18 2014 12:00:00 GMT-0800 (PST)","2014","Dec","18",12
"Tue Jan 20 2015 04:30:00 GMT-0800 (PST)","2015","Jan","20",1
"Tue Dec 23 2014 12:00:00 GMT-0800 (PST)","2014","Dec","23",12
"Wed Dec 17 2014 12:30:00 GMT-0800 (PST)","2014","Dec","17",12
"Thu Dec 18 2014 12:00:00 GMT-0800 (PST)","2014","Dec","18",12
"Tue Dec 16 2014 12:00:00 GMT-0800 (PST)","2014","Dec","16",12
"Tue Dec 16 2014 12:30:00 GMT-0800 (PST)","2014","Dec","16",12
"Thu Dec 18 2014 12:00:00 GMT-0800 (PST)","2014","Dec","18",12
"Thu Dec 18 2014 12:30:00 GMT-0800 (PST)","2014","Dec","18",12
"Tue Jan 06 2015 12:30:00 GMT-0800 (PST)","2015","Jan","06",1
"Tue Jan 13 2015 12:00:00 GMT-0800 (PST)","2015","Jan","13",1
"Tue Dec 30 2014 12:30:00 GMT-0800 (PST)","2014","Dec","30",12
"Thu Dec 18 2014 12:30:00 GMT-0800 (PST)","2014","Dec","18",12
"Thu Dec 18 2014 12:30:00 GMT-0800 (PST)","2014","Dec","18",12
"Tue Dec 16 2014 13:00:00 GMT-0800 (PST)","2014","Dec","16",12
"Thu Feb 26 2015 04:30:00 GMT-0800 (PST)","2015","Feb","26",2
"Thu Dec 18 2014 12:30:00 GMT-0800 (PST)","2014","Dec","18",12
"Tue Jan 06 2015 13:00:00 GMT-0800 (PST)","2015","Jan","06",1
"Tue Dec 16 2014 12:30:00 GMT-0800 (PST)","2014","Dec","16",12
"Tue Dec 16 2014 12:30:00 GMT-0800 (PST)","2014","Dec","16",12
"Tue Dec 16 2014 12:30:00 GMT-0800 (PST)","2014","Dec","16",12
"Tue Dec 30 2014 12:00:00 GMT-0800 (PST)","2014","Dec","30",12
"Thu Dec 18 2014 12:30:00 GMT-0800 (PST)","2014","Dec","18",12
"Tue Dec 23 2014 12:30:00 GMT-0800 (PST)","2014","Dec","23",12
"Thu Dec 18 2014 12:00:00 GMT-0800 (PST)","2014","Dec","18",12
"Tue Jan 13 2015 13:00:00 GMT-0800 (PST)","2015","Jan","13",1
"Tue Dec 16 2014 12:30:00 GMT-0800 (PST)","2014","Dec","16",12
"Tue Dec 16 2014 12:30:00 GMT-0800 (PST)","2014","Dec","16",12
"Wed Dec 17 2014 12:30:00 GMT-0800 (PST)","2014","Dec","17",12
"Thu Jan 15 2015 03:30:00 GMT-0800 (PST)","2015","Jan","15",1
"Thu Dec 18 2014 11:30:00 GMT-0800 (PST)","2014","Dec","18",12
"Tue Dec 16 2014 12:30:00 GMT-0800 (PST)","2014","Dec","16",12
"Tue Dec 16 2014 12:00:00 GMT-0800 (PST)","2014","Dec","16",12
"Wed Dec 17 2014 12:30:00 GMT-0800 (PST)","2014","Dec","17",12
"Thu Dec 18 2014 12:00:00 GMT-0800 (PST)","2014","Dec","18",12
"Wed Dec 17 2014 15:05:00 GMT-0800 (PST)","2014","Dec","17",12
"Wed Dec 17 2014 12:30:00 GMT-0800 (PST)","2014","Dec","17",12
"Thu Dec 18 2014 12:00:00 GMT-0800 (PST)","2014","Dec","18",12
"Wed Dec 17 2014 12:30:00 GMT-0800 (PST)","2014","Dec","17",12
"Wed Dec 17 2014 12:30:00 GMT-0800 (PST)","2014","Dec","17",12
"Tue Dec 16 2014 12:30:00 GMT-0800 (PST)","2014","Dec","16",12
"Tue Dec 16 2014 13:00:00 GMT-0800 (PST)","2014","Dec","16",12
"Thu Dec 18 2014 12:30:00 GMT-0800 (PST)","2014","Dec","18",12
"Tue Dec 16 2014 12:30:00 GMT-0800 (PST)","2014","Dec","16",12
"Tue Dec 30 2014 13:00:00 GMT-0800 (PST)","2014","Dec","30",12
"Thu Feb 12 2015 04:30:00 GMT-0800 (PST)","2015","Feb","12",2
"Wed Dec 17 2014 15:05:00 GMT-0800 (PST)","2014","Dec","17",12
"Thu Jan 15 2015 04:30:00 GMT-0800 (PST)","2015","Jan","15",1
"Thu Dec 18 2014 12:30:00 GMT-0800 (PST)","2014","Dec","18",12
"Tue Dec 16 2014 12:30:00 GMT-0800 (PST)","2014","Dec","16",12
"Tue Dec 23 2014 12:00:00 GMT-0800 (PST)","2014","Dec","23",12
"Thu Dec 18 2014 12:30:00 GMT-0800 (PST)","2014","Dec","18",12
"Tue Dec 16 2014 12:00:00 GMT-0800 (PST)","2014","Dec","16",12
"Tue Dec 30 2014 15:00:00 GMT-0800 (PST)","2014","Dec","30",12
"Thu Dec 18 2014 12:00:00 GMT-0800 (PST)","2014","Dec","18",12
"Tue Dec 16 2014 12:30:00 GMT-0800 (PST)","2014","Dec","16",12
"Tue Dec 16 2014 12:30:00 GMT-0800 (PST)","2014","Dec","16",12
"Thu Dec 18 2014 12:00:00 GMT-0800 (PST)","2014","Dec","18",12
"Tue Dec 16 2014 12:30:00 GMT-0800 (PST)","2014","Dec","16",12
"Thu Dec 18 2014 12:30:00 GMT-0800 (PST)","2014","Dec","18",12
"Tue Dec 16 2014 13:00:00 GMT-0800 (PST)","2014","Dec","16",12
"Thu Feb 12 2015 03:30:00 GMT-0800 (PST)","2015","Feb","12",2
"Tue Dec 16 2014 13:00:00 GMT-0800 (PST)","2014","Dec","16",12
"Thu Dec 18 2014 12:30:00 GMT-0800 (PST)","2014","Dec","18",12
"Thu Dec 18 2014 12:30:00 GMT-0800 (PST)","2014","Dec","18",12
"Thu Dec 18 2014 12:30:00 GMT-0800 (PST)","2014","Dec","18",12
"Thu Dec 18 2014 12:30:00 GMT-0800 (PST)","2014","Dec","18",12
"Thu Dec 18 2014 12:30:00 GMT-0800 (PST)","2014","Dec","18",12
"Thu Dec 18 2014 12:30:00 GMT-0800 (PST)","2014","Dec","18",12
"Thu Dec 18 2014 12:30:00 GMT-0800 (PST)","2014","Dec","18",12
"Thu Dec 18 2014 12:30:00 GMT-0800 (PST)","2014","Dec","18",12
"Wed Dec 17 2014 12:30:00 GMT-0800 (PST)","2014","Dec","17",12
"Tue Dec 16 2014 12:00:00 GMT-0800 (PST)","2014","Dec","16",12
"Tue Dec 16 2014 12:00:00 GMT-0800 (PST)","2014","Dec","16",12
"Tue Jan 13 2015 12:00:00 GMT-0800 (PST)","2015","Jan","13",1
"Thu Dec 18 2014 12:30:00 GMT-0800 (PST)","2014","Dec","18",12
"Tue Dec 16 2014 12:00:00 GMT-0800 (PST)","2014","Dec","16",12
"Tue Dec 16 2014 12:00:00 GMT-0800 (PST)","2014","Dec","16",12
"Wed Dec 17 2014 12:30:00 GMT-0800 (PST)","2014","Dec","17",12
"Thu Dec 18 2014 12:30:00 GMT-0800 (PST)","2014","Dec","18",12
"Tue Dec 16 2014 12:00:00 GMT-0800 (PST)","2014","Dec","16",12
"Thu Dec 18 2014 12:30:00 GMT-0800 (PST)","2014","Dec","18",12
"Thu Dec 18 2014 12:30:00 GMT-0800 (PST)","2014","Dec","18",12
"Wed Dec 17 2014 12:30:00 GMT-0800 (PST)","2014","Dec","17",12
"Tue Dec 16 2014 12:00:00 GMT-0800 (PST)","2014","Dec","16",12
"Wed Dec 17 2014 12:30:00 GMT-0800 (PST)","2014","Dec","17",12
"Wed Dec 17 2014 12:15:00 GMT-0800 (PST)","2014","Dec","17",12
"Tue Jan 27 2015 04:30:00 GMT-0800 (PST)","2015","Jan","27",1
"Thu Dec 18 2014 12:30:00 GMT-0800 (PST)","2014","Dec","18",12
"Tue Dec 16 2014 12:00:00 GMT-0800 (PST)","2014","Dec","16",12
"Tue Dec 16 2014 12:00:00 GMT-0800 (PST)","2014","Dec","16",12
"Thu Dec 18 2014 12:30:00 GMT-0800 (PST)","2014","Dec","18",12
"Thu Dec 18 2014 12:30:00 GMT-0800 (PST)","2014","Dec","18",12
"Thu Dec 18 2014 12:30:00 GMT-0800 (PST)","2014","Dec","18",12
"Thu Dec 18 2014 12:30:00 GMT-0800 (PST)","2014","Dec","18",12
"Thu Dec 18 2014 12:30:00 GMT-0800 (PST)","2014","Dec","18",12
"Thu Dec 18 2014 12:30:00 GMT-0800 (PST)","2014","Dec","18",12
"Wed Dec 17 2014 12:30:00 GMT-0800 (PST)","2014","Dec","17",12
"Tue Dec 16 2014 12:00:00 GMT-0800 (PST)","2014","Dec","16",12
"Thu Dec 18 2014 11:30:00 GMT-0800 (PST)","2014","Dec","18",12
"Tue Jan 13 2015 04:30:00 GMT-0800 (PST)","2015","Jan","13",1
"Tue Dec 16 2014 12:30:00 GMT-0800 (PST)","2014","Dec","16",12
"Tue Dec 16 2014 12:00:00 GMT-0800 (PST)","2014","Dec","16",12
"Tue Dec 16 2014 12:00:00 GMT-0800 (PST)","2014","Dec","16",12
"Thu Dec 18 2014 12:30:00 GMT-0800 (PST)","2014","Dec","18",12
"Tue Dec 16 2014 12:30:00 GMT-0800 (PST)","2014","Dec","16",12
"Thu Dec 18 2014 12:30:00 GMT-0800 (PST)","2014","Dec","18",12
"Thu Dec 18 2014 12:30:00 GMT-0800 (PST)","2014","Dec","18",12
"Thu Dec 18 2014 12:30:00 GMT-0800 (PST)","2014","Dec","18",12
"Wed Dec 17 2014 12:30:00 GMT-0800 (PST)","2014","Dec","17",12
"Wed Dec 17 2014 12:30:00 GMT-0800 (PST)","2014","Dec","17",12
"Tue Dec 16 2014 12:00:00 GMT-0800 (PST)","2014","Dec","16",12
"Thu Dec 18 2014 12:30:00 GMT-0800 (PST)","2014","Dec","18",12
"Thu Dec 18 2014 12:30:00 GMT-0800 (PST)","2014","Dec","18",12
"Tue Dec 16 2014 12:00:00 GMT-0800 (PST)","2014","Dec","16",12
"Thu Dec 18 2014 12:30:00 GMT-0800 (PST)","2014","Dec","18",12
"Tue Dec 23 2014 12:00:00 GMT-0800 (PST)","2014","Dec","23",12
"Tue Dec 23 2014 12:30:00 GMT-0800 (PST)","2014","Dec","23",12
"Tue Dec 16 2014 12:00:00 GMT-0800 (PST)","2014","Dec","16",12
"Thu Dec 18 2014 12:30:00 GMT-0800 (PST)","2014","Dec","18",12
"Tue Dec 16 2014 13:00:00 GMT-0800 (PST)","2014","Dec","16",12
"Tue Dec 16 2014 12:00:00 GMT-0800 (PST)","2014","Dec","16",12
"Thu Dec 18 2014 12:30:00 GMT-0800 (PST)","2014","Dec","18",12
"Thu Dec 18 2014 12:30:00 GMT-0800 (PST)","2014","Dec","18",12
"Thu Dec 18 2014 12:30:00 GMT-0800 (PST)","2014","Dec","18",12
"Thu Dec 18 2014 12:30:00 GMT-0800 (PST)","2014","Dec","18",12
"Thu Dec 18 2014 12:30:00 GMT-0800 (PST)","2014","Dec","18",12
"Tue Dec 23 2014 12:30:00 GMT-0800 (PST)","2014","Dec","23",12
"Tue Dec 16 2014 13:00:00 GMT-0800 (PST)","2014","Dec","16",12
"Thu Dec 18 2014 12:30:00 GMT-0800 (PST)","2014","Dec","18",12
"Thu Dec 18 2014 12:30:00 GMT-0800 (PST)","2014","Dec","18",12
"Tue Dec 23 2014 12:30:00 GMT-0800 (PST)","2014","Dec","23",12
"Wed Dec 17 2014 12:30:00 GMT-0800 (PST)","2014","Dec","17",12
"Tue Dec 23 2014 12:30:00 GMT-0800 (PST)","2014","Dec","23",12
"Tue Dec 16 2014 12:00:00 GMT-0800 (PST)","2014","Dec","16",12
"Tue Dec 16 2014 12:00:00 GMT-0800 (PST)","2014","Dec","16",12
"Tue Dec 16 2014 12:30:00 GMT-0800 (PST)","2014","Dec","16",12
"Thu Dec 18 2014 12:30:00 GMT-0800 (PST)","2014","Dec","18",12
"Tue Dec 23 2014 12:30:00 GMT-0800 (PST)","2014","Dec","23",12
"Tue Dec 16 2014 12:00:00 GMT-0800 (PST)","2014","Dec","16",12
"Thu Dec 18 2014 12:30:00 GMT-0800 (PST)","2014","Dec","18",12
"Thu Dec 18 2014 12:30:00 GMT-0800 (PST)","2014","Dec","18",12
"Tue Dec 16 2014 12:30:00 GMT-0800 (PST)","2014","Dec","16",12
"Tue Dec 16 2014 12:00:00 GMT-0800 (PST)","2014","Dec","16",12
"Tue Dec 16 2014 12:00:00 GMT-0800 (PST)","2014","Dec","16",12
"Tue Dec 16 2014 12:00:00 GMT-0800 (PST)","2014","Dec","16",12
"Tue Dec 16 2014 12:00:00 GMT-0800 (PST)","2014","Dec","16",12
"Tue Dec 16 2014 12:30:00 GMT-0800 (PST)","2014","Dec","16",12
"Thu Dec 18 2014 12:00:00 GMT-0800 (PST)","2014","Dec","18",12
"Thu Dec 18 2014 12:30:00 GMT-0800 (PST)","2014","Dec","18",12
"Tue Dec 16 2014 12:30:00 GMT-0800 (PST)","2014","Dec","16",12
"Thu Dec 18 2014 12:30:00 GMT-0800 (PST)","2014","Dec","18",12
"Thu Jan 15 2015 04:30:00 GMT-0800 (PST)","2015","Jan","15",1
"Tue Dec 16 2014 12:00:00 GMT-0800 (PST)","2014","Dec","16",12
"Thu Dec 18 2014 12:30:00 GMT-0800 (PST)","2014","Dec","18",12
"Wed Dec 17 2014 12:30:00 GMT-0800 (PST)","2014","Dec","17",12
"Tue Dec 16 2014 12:30:00 GMT-0800 (PST)","2014","Dec","16",12
"Tue Dec 16 2014 12:00:00 GMT-0800 (PST)","2014","Dec","16",12
"Tue Dec 16 2014 12:00:00 GMT-0800 (PST)","2014","Dec","16",12
"Thu Dec 18 2014 12:30:00 GMT-0800 (PST)","2014","Dec","18",12
"Wed Dec 17 2014 12:30:00 GMT-0800 (PST)","2014","Dec","17",12
"Thu Dec 18 2014 12:30:00 GMT-0800 (PST)","2014","Dec","18",12
"Tue Dec 16 2014 12:30:00 GMT-0800 (PST)","2014","Dec","16",12
"Tue Dec 16 2014 12:30:00 GMT-0800 (PST)","2014","Dec","16",12
"Wed Dec 17 2014 12:30:00 GMT-0800 (PST)","2014","Dec","17",12
"Thu Dec 18 2014 12:00:00 GMT-0800 (PST)","2014","Dec","18",12
"Tue Dec 16 2014 12:30:00 GMT-0800 (PST)","2014","Dec","16",12
"Tue Dec 16 2014 12:30:00 GMT-0800 (PST)","2014","Dec","16",12
"Tue Dec 16 2014 12:30:00 GMT-0800 (PST)","2014","Dec","16",12
"Wed Dec 17 2014 12:30:00 GMT-0800 (PST)","2014","Dec","17",12
"Thu Dec 18 2014 12:30:00 GMT-0800 (PST)","2014","Dec","18",12
"Wed Dec 17 2014 12:30:00 GMT-0800 (PST)","2014","Dec","17",12
"Thu Dec 18 2014 12:30:00 GMT-0800 (PST)","2014","Dec","18",12
"Tue Dec 16 2014 12:00:00 GMT-0800 (PST)","2014","Dec","16",12
"Tue Dec 30 2014 12:30:00 GMT-0800 (PST)","2014","Dec","30",12
"Tue Dec 16 2014 12:00:00 GMT-0800 (PST)","2014","Dec","16",12
"Wed Dec 17 2014 12:30:00 GMT-0800 (PST)","2014","Dec","17",12
"Wed Dec 17 2014 12:30:00 GMT-0800 (PST)","2014","Dec","17",12
"Wed Dec 17 2014 12:30:00 GMT-0800 (PST)","2014","Dec","17",12
"Tue Dec 16 2014 12:00:00 GMT-0800 (PST)","2014","Dec","16",12
"Thu Dec 18 2014 12:30:00 GMT-0800 (PST)","2014","Dec","18",12
"Tue Dec 16 2014 13:00:00 GMT-0800 (PST)","2014","Dec","16",12
"Tue Dec 16 2014 12:30:00 GMT-0800 (PST)","2014","Dec","16",12
"Tue Dec 16 2014 12:00:00 GMT-0800 (PST)","2014","Dec","16",12
"Wed Dec 17 2014 12:30:00 GMT-0800 (PST)","2014","Dec","17",12
"Thu Dec 18 2014 12:30:00 GMT-0800 (PST)","2014","Dec","18",12
"Tue Dec 16 2014 12:30:00 GMT-0800 (PST)","2014","Dec","16",12
"Wed Dec 17 2014 12:30:00 GMT-0800 (PST)","2014","Dec","17",12
"Thu Dec 18 2014 12:30:00 GMT-0800 (PST)","2014","Dec","18",12
"Tue Dec 23 2014 12:00:00 GMT-0800 (PST)","2014","Dec","23",12
"Tue Dec 16 2014 12:30:00 GMT-0800 (PST)","2014","Dec","16",12
"Wed Dec 17 2014 12:30:00 GMT-0800 (PST)","2014","Dec","17",12
"Tue Dec 16 2014 12:30:00 GMT-0800 (PST)","2014","Dec","16",12
"Wed Dec 17 2014 12:30:00 GMT-0800 (PST)","2014","Dec","17",12
"Tue Dec 16 2014 12:30:00 GMT-0800 (PST)","2014","Dec","16",12
"Wed Jan 14 2015 00:00:00 GMT-0800 (PST)","2015","Jan","14",1
"Tue Jan 13 2015 13:00:00 GMT-0800 (PST)","2015","Jan","13",1
"Wed Dec 17 2014 12:30:00 GMT-0800 (PST)","2014","Dec","17",12
"Tue Dec 16 2014 13:00:00 GMT-0800 (PST)","2014","Dec","16",12
"Thu Dec 18 2014 11:30:00 GMT-0800 (PST)","2014","Dec","18",12
"Wed Dec 17 2014 12:30:00 GMT-0800 (PST)","2014","Dec","17",12
"Tue Dec 16 2014 12:30:00 GMT-0800 (PST)","2014","Dec","16",12
"Thu Dec 18 2014 12:00:00 GMT-0800 (PST)","2014","Dec","18",12
"Thu Dec 18 2014 12:00:00 GMT-0800 (PST)","2014","Dec","18",12
"Thu Dec 18 2014 11:30:00 GMT-0800 (PST)","2014","Dec","18",12
"Wed Dec 17 2014 12:30:00 GMT-0800 (PST)","2014","Dec","17",12
"Thu Jan 15 2015 04:30:00 GMT-0800 (PST)","2015","Jan","15",1
"Thu Dec 18 2014 12:30:00 GMT-0800 (PST)","2014","Dec","18",12
"Tue Dec 30 2014 12:30:00 GMT-0800 (PST)","2014","Dec","30",12
"Thu Jan 29 2015 04:30:00 GMT-0800 (PST)","2015","Jan","29",1
"Tue Dec 16 2014 12:30:00 GMT-0800 (PST)","2014","Dec","16",12
"Thu Dec 18 2014 11:30:00 GMT-0800 (PST)","2014","Dec","18",12
"Thu Dec 18 2014 12:00:00 GMT-0800 (PST)","2014","Dec","18",12
"Wed Jan 07 2015 12:30:00 GMT-0800 (PST)","2015","Jan","07",1
"Tue Dec 30 2014 15:00:00 GMT-0800 (PST)","2014","Dec","30",12
"Wed Dec 17 2014 12:30:00 GMT-0800 (PST)","2014","Dec","17",12
"Wed Dec 17 2014 12:30:00 GMT-0800 (PST)","2014","Dec","17",12
"Tue Dec 16 2014 12:00:00 GMT-0800 (PST)","2014","Dec","16",12
"Tue Dec 16 2014 12:30:00 GMT-0800 (PST)","2014","Dec","16",12
"Thu Jan 15 2015 04:30:00 GMT-0800 (PST)","2015","Jan","15",1
"Tue Dec 16 2014 12:30:00 GMT-0800 (PST)","2014","Dec","16",12
"Tue Jan 13 2015 12:00:00 GMT-0800 (PST)","2015","Jan","13",1
"Tue Dec 16 2014 12:30:00 GMT-0800 (PST)","2014","Dec","16",12
"Wed Dec 17 2014 12:30:00 GMT-0800 (PST)","2014","Dec","17",12
"Tue Dec 16 2014 12:00:00 GMT-0800 (PST)","2014","Dec","16",12
"Thu Dec 18 2014 12:30:00 GMT-0800 (PST)","2014","Dec","18",12
"Thu Dec 18 2014 12:30:00 GMT-0800 (PST)","2014","Dec","18",12
"Thu Dec 18 2014 12:30:00 GMT-0800 (PST)","2014","Dec","18",12
"Thu Dec 18 2014 12:30:00 GMT-0800 (PST)","2014","Dec","18",12
"Wed Dec 17 2014 12:30:00 GMT-0800 (PST)","2014","Dec","17",12
"Thu Dec 18 2014 12:30:00 GMT-0800 (PST)","2014","Dec","18",12
"Tue Dec 16 2014 12:30:00 GMT-0800 (PST)","2014","Dec","16",12
"Thu Dec 18 2014 12:30:00 GMT-0800 (PST)","2014","Dec","18",12
"Wed Jan 21 2015 05:00:00 GMT-0800 (PST)","2015","Jan","21",1
"Thu Dec 18 2014 12:30:00 GMT-0800 (PST)","2014","Dec","18",12
"Tue Dec 16 2014 12:30:00 GMT-0800 (PST)","2014","Dec","16",12
"Tue Dec 16 2014 13:00:00 GMT-0800 (PST)","2014","Dec","16",12
"Tue Dec 16 2014 12:00:00 GMT-0800 (PST)","2014","Dec","16",12
"Tue Dec 16 2014 12:30:00 GMT-0800 (PST)","2014","Dec","16",12
"Tue Dec 16 2014 12:30:00 GMT-0800 (PST)","2014","Dec","16",12
"Thu Jan 15 2015 04:30:00 GMT-0800 (PST)","2015","Jan","15",1
"Tue Dec 16 2014 12:30:00 GMT-0800 (PST)","2014","Dec","16",12
"Thu Dec 18 2014 12:00:00 GMT-0800 (PST)","2014","Dec","18",12
"Fri Dec 26 2014 15:00:00 GMT-0800 (PST)","2014","Dec","26",12
"Tue Dec 16 2014 12:30:00 GMT-0800 (PST)","2014","Dec","16",12
"Thu Dec 18 2014 12:00:00 GMT-0800 (PST)","2014","Dec","18",12
"Thu Dec 18 2014 12:30:00 GMT-0800 (PST)","2014","Dec","18",12
"Thu Dec 18 2014 12:00:00 GMT-0800 (PST)","2014","Dec","18",12
"Thu Dec 18 2014 12:30:00 GMT-0800 (PST)","2014","Dec","18",12
"Wed Dec 31 2014 12:30:00 GMT-0800 (PST)","2014","Dec","31",12
"Thu Dec 18 2014 12:30:00 GMT-0800 (PST)","2014","Dec","18",12
"Tue Dec 16 2014 12:30:00 GMT-0800 (PST)","2014","Dec","16",12
"Thu Dec 18 2014 12:30:00 GMT-0800 (PST)","2014","Dec","18",12
"Wed Dec 17 2014 12:30:00 GMT-0800 (PST)","2014","Dec","17",12
"Tue Dec 16 2014 12:30:00 GMT-0800 (PST)","2014","Dec","16",12
"Thu Jan 08 2015 11:30:00 GMT-0800 (PST)","2015","Jan","08",1
"Tue Dec 16 2014 12:30:00 GMT-0800 (PST)","2014","Dec","16",12
"Thu Dec 18 2014 12:00:00 GMT-0800 (PST)","2014","Dec","18",12
"Tue Jan 13 2015 12:30:00 GMT-0800 (PST)","2015","Jan","13",1
"Wed Dec 17 2014 12:30:00 GMT-0800 (PST)","2014","Dec","17",12
"Thu Jan 29 2015 04:30:00 GMT-0800 (PST)","2015","Jan","29",1
"Wed Dec 17 2014 12:30:00 GMT-0800 (PST)","2014","Dec","17",12
"Tue Dec 30 2014 15:00:00 GMT-0800 (PST)","2014","Dec","30",12
"Thu Dec 18 2014 12:30:00 GMT-0800 (PST)","2014","Dec","18",12
"Thu Dec 18 2014 11:30:00 GMT-0800 (PST)","2014","Dec","18",12
"Wed Dec 17 2014 15:05:00 GMT-0800 (PST)","2014","Dec","17",12
"Thu Jan 15 2015 04:30:00 GMT-0800 (PST)","2015","Jan","15",1
"Wed Dec 31 2014 12:30:00 GMT-0800 (PST)","2014","Dec","31",12
"Tue Dec 16 2014 12:30:00 GMT-0800 (PST)","2014","Dec","16",12
"Tue Dec 23 2014 12:30:00 GMT-0800 (PST)","2014","Dec","23",12
"Thu Jan 15 2015 04:30:00 GMT-0800 (PST)","2015","Jan","15",1
"Thu Jan 15 2015 04:30:00 GMT-0800 (PST)","2015","Jan","15",1
"Tue Dec 16 2014 12:30:00 GMT-0800 (PST)","2014","Dec","16",12
"Tue Dec 16 2014 12:30:00 GMT-0800 (PST)","2014","Dec","16",12
"Thu Dec 18 2014 12:30:00 GMT-0800 (PST)","2014","Dec","18",12
"Thu Jan 15 2015 04:30:00 GMT-0800 (PST)","2015","Jan","15",1
"Tue Dec 16 2014 12:30:00 GMT-0800 (PST)","2014","Dec","16",12
"Wed Dec 17 2014 12:30:00 GMT-0800 (PST)","2014","Dec","17",12
"Thu Dec 18 2014 12:30:00 GMT-0800 (PST)","2014","Dec","18",12
"Tue Dec 23 2014 12:30:00 GMT-0800 (PST)","2014","Dec","23",12
"Tue Jan 06 2015 12:30:00 GMT-0800 (PST)","2015","Jan","06",1
"Thu Dec 18 2014 12:30:00 GMT-0800 (PST)","2014","Dec","18",12
"Wed Dec 17 2014 12:30:00 GMT-0800 (PST)","2014","Dec","17",12
"Thu Dec 18 2014 12:00:00 GMT-0800 (PST)","2014","Dec","18",12
"Tue Dec 16 2014 12:30:00 GMT-0800 (PST)","2014","Dec","16",12
"Tue Dec 16 2014 12:30:00 GMT-0800 (PST)","2014","Dec","16",12
"Tue Dec 16 2014 12:00:00 GMT-0800 (PST)","2014","Dec","16",12
"Wed Dec 17 2014 12:30:00 GMT-0800 (PST)","2014","Dec","17",12
"Thu Dec 18 2014 12:30:00 GMT-0800 (PST)","2014","Dec","18",12
"Tue Dec 16 2014 12:30:00 GMT-0800 (PST)","2014","Dec","16",12
"Thu Feb 12 2015 04:00:00 GMT-0800 (PST)","2015","Feb","12",2
"Tue Dec 16 2014 12:00:00 GMT-0800 (PST)","2014","Dec","16",12
"Wed Dec 17 2014 12:30:00 GMT-0800 (PST)","2014","Dec","17",12
"Thu Dec 18 2014 12:30:00 GMT-0800 (PST)","2014","Dec","18",12
"Tue Jan 13 2015 12:30:00 GMT-0800 (PST)","2015","Jan","13",1
"Thu Dec 18 2014 12:30:00 GMT-0800 (PST)","2014","Dec","18",12
"Tue Dec 16 2014 12:30:00 GMT-0800 (PST)","2014","Dec","16",12
"Thu Dec 18 2014 12:30:00 GMT-0800 (PST)","2014","Dec","18",12
"Thu Dec 18 2014 12:30:00 GMT-0800 (PST)","2014","Dec","18",12
"Thu Dec 18 2014 12:30:00 GMT-0800 (PST)","2014","Dec","18",12
"Thu Dec 18 2014 12:30:00 GMT-0800 (PST)","2014","Dec","18",12
"Tue Jan 20 2015 04:30:00 GMT-0800 (PST)","2015","Jan","20",1
"Thu Dec 18 2014 11:30:00 GMT-0800 (PST)","2014","Dec","18",12
"Thu Dec 18 2014 11:30:00 GMT-0800 (PST)","2014","Dec","18",12
"Thu Jan 15 2015 04:00:00 GMT-0800 (PST)","2015","Jan","15",1
"Thu Dec 18 2014 12:30:00 GMT-0800 (PST)","2014","Dec","18",12
"Thu Dec 18 2014 12:30:00 GMT-0800 (PST)","2014","Dec","18",12
"Wed Dec 17 2014 12:30:00 GMT-0800 (PST)","2014","Dec","17",12
"Thu Dec 18 2014 12:30:00 GMT-0800 (PST)","2014","Dec","18",12
"Tue Dec 23 2014 12:30:00 GMT-0800 (PST)","2014","Dec","23",12
"Tue Dec 16 2014 12:00:00 GMT-0800 (PST)","2014","Dec","16",12
"Wed Dec 17 2014 12:30:00 GMT-0800 (PST)","2014","Dec","17",12
"Tue Dec 16 2014 12:00:00 GMT-0800 (PST)","2014","Dec","16",12
"Tue Dec 16 2014 12:30:00 GMT-0800 (PST)","2014","Dec","16",12
"Tue Dec 16 2014 12:30:00 GMT-0800 (PST)","2014","Dec","16",12
"Fri Dec 26 2014 15:00:00 GMT-0800 (PST)","2014","Dec","26",12
"Tue Dec 30 2014 13:00:00 GMT-0800 (PST)","2014","Dec","30",12
"Wed Dec 17 2014 12:30:00 GMT-0800 (PST)","2014","Dec","17",12
"Tue Dec 16 2014 13:00:00 GMT-0800 (PST)","2014","Dec","16",12
"Wed Dec 17 2014 15:05:00 GMT-0800 (PST)","2014","Dec","17",12
"Wed Dec 17 2014 12:30:00 GMT-0800 (PST)","2014","Dec","17",12
"Wed Dec 17 2014 15:10:00 GMT-0800 (PST)","2014","Dec","17",12
"Wed Dec 17 2014 12:30:00 GMT-0800 (PST)","2014","Dec","17",12
"Tue Dec 16 2014 12:30:00 GMT-0800 (PST)","2014","Dec","16",12
"Tue Dec 16 2014 12:30:00 GMT-0800 (PST)","2014","Dec","16",12
"Thu Dec 18 2014 11:30:00 GMT-0800 (PST)","2014","Dec","18",12
"Wed Dec 17 2014 12:30:00 GMT-0800 (PST)","2014","Dec","17",12
"Tue Dec 23 2014 16:00:00 GMT-0800 (PST)","2014","Dec","23",12
"Thu Dec 18 2014 12:00:00 GMT-0800 (PST)","2014","Dec","18",12
"Wed Dec 17 2014 12:30:00 GMT-0800 (PST)","2014","Dec","17",12
"Tue Dec 23 2014 12:00:00 GMT-0800 (PST)","2014","Dec","23",12
"Wed Dec 17 2014 12:30:00 GMT-0800 (PST)","2014","Dec","17",12
"Wed Jan 14 2015 04:30:00 GMT-0800 (PST)","2015","Jan","14",1
"Tue Dec 16 2014 13:00:00 GMT-0800 (PST)","2014","Dec","16",12
"Tue Dec 16 2014 12:30:00 GMT-0800 (PST)","2014","Dec","16",12
"Tue Dec 16 2014 12:00:00 GMT-0800 (PST)","2014","Dec","16",12
"Wed Dec 17 2014 12:30:00 GMT-0800 (PST)","2014","Dec","17",12
"Tue Dec 16 2014 12:30:00 GMT-0800 (PST)","2014","Dec","16",12
"Tue Dec 23 2014 12:30:00 GMT-0800 (PST)","2014","Dec","23",12
"Tue Dec 23 2014 13:30:00 GMT-0800 (PST)","2014","Dec","23",12
"Tue Dec 16 2014 12:30:00 GMT-0800 (PST)","2014","Dec","16",12
"Wed Dec 17 2014 12:30:00 GMT-0800 (PST)","2014","Dec","17",12
"Tue Dec 16 2014 12:00:00 GMT-0800 (PST)","2014","Dec","16",12
"Tue Dec 16 2014 12:30:00 GMT-0800 (PST)","2014","Dec","16",12
"Tue Dec 16 2014 12:00:00 GMT-0800 (PST)","2014","Dec","16",12
"Thu Dec 18 2014 12:30:00 GMT-0800 (PST)","2014","Dec","18",12
"Wed Dec 31 2014 12:30:00 GMT-0800 (PST)","2014","Dec","31",12
"Thu Dec 18 2014 12:30:00 GMT-0800 (PST)","2014","Dec","18",12
"Tue Dec 16 2014 12:00:00 GMT-0800 (PST)","2014","Dec","16",12
"Tue Dec 16 2014 12:00:00 GMT-0800 (PST)","2014","Dec","16",12
"Thu Dec 18 2014 12:30:00 GMT-0800 (PST)","2014","Dec","18",12
"Thu Dec 18 2014 11:30:00 GMT-0800 (PST)","2014","Dec","18",12
"Tue Dec 16 2014 12:00:00 GMT-0800 (PST)","2014","Dec","16",12
"Tue Dec 16 2014 12:00:00 GMT-0800 (PST)","2014","Dec","16",12
"Thu Dec 18 2014 12:30:00 GMT-0800 (PST)","2014","Dec","18",12
"Thu Dec 18 2014 12:30:00 GMT-0800 (PST)","2014","Dec","18",12
"Thu Dec 18 2014 12:30:00 GMT-0800 (PST)","2014","Dec","18",12
"Tue Dec 16 2014 13:00:00 GMT-0800 (PST)","2014","Dec","16",12
"Tue Dec 23 2014 12:30:00 GMT-0800 (PST)","2014","Dec","23",12
"Tue Dec 16 2014 12:00:00 GMT-0800 (PST)","2014","Dec","16",12
"Thu Dec 18 2014 12:30:00 GMT-0800 (PST)","2014","Dec","18",12
"Thu Dec 18 2014 12:30:00 GMT-0800 (PST)","2014","Dec","18",12
"Tue Dec 16 2014 12:00:00 GMT-0800 (PST)","2014","Dec","16",12
"Thu Dec 18 2014 12:30:00 GMT-0800 (PST)","2014","Dec","18",12
"Thu Dec 18 2014 12:30:00 GMT-0800 (PST)","2014","Dec","18",12
"Tue Dec 16 2014 12:00:00 GMT-0800 (PST)","2014","Dec","16",12
"Thu Dec 18 2014 12:30:00 GMT-0800 (PST)","2014","Dec","18",12
"Thu Dec 18 2014 12:30:00 GMT-0800 (PST)","2014","Dec","18",12
"Wed Dec 17 2014 15:05:00 GMT-0800 (PST)","2014","Dec","17",12
"Thu Dec 18 2014 12:30:00 GMT-0800 (PST)","2014","Dec","18",12
"Tue Dec 16 2014 12:00:00 GMT-0800 (PST)","2014","Dec","16",12
"Tue Dec 16 2014 12:00:00 GMT-0800 (PST)","2014","Dec","16",12
"Thu Dec 18 2014 12:30:00 GMT-0800 (PST)","2014","Dec","18",12
"Tue Dec 16 2014 12:00:00 GMT-0800 (PST)","2014","Dec","16",12
"Thu Dec 18 2014 12:30:00 GMT-0800 (PST)","2014","Dec","18",12
"Tue Dec 16 2014 12:00:00 GMT-0800 (PST)","2014","Dec","16",12
"Tue Dec 16 2014 12:30:00 GMT-0800 (PST)","2014","Dec","16",12
"Wed Dec 17 2014 12:30:00 GMT-0800 (PST)","2014","Dec","17",12
"Wed Dec 17 2014 12:15:00 GMT-0800 (PST)","2014","Dec","17",12
"Thu Dec 18 2014 11:30:00 GMT-0800 (PST)","2014","Dec","18",12
"Wed Dec 17 2014 12:30:00 GMT-0800 (PST)","2014","Dec","17",12
"Thu Dec 18 2014 12:30:00 GMT-0800 (PST)","2014","Dec","18",12
"Thu Dec 18 2014 12:30:00 GMT-0800 (PST)","2014","Dec","18",12
"Tue Feb 17 2015 04:00:00 GMT-0800 (PST)","2015","Feb","17",2
"Thu Dec 18 2014 12:30:00 GMT-0800 (PST)","2014","Dec","18",12
"Tue Dec 16 2014 12:00:00 GMT-0800 (PST)","2014","Dec","16",12
"Tue Dec 16 2014 12:00:00 GMT-0800 (PST)","2014","Dec","16",12
"Tue Jan 27 2015 04:30:00 GMT-0800 (PST)","2015","Jan","27",1
"Tue Dec 16 2014 12:00:00 GMT-0800 (PST)","2014","Dec","16",12
"Thu Dec 18 2014 12:30:00 GMT-0800 (PST)","2014","Dec","18",12
"Tue Dec 16 2014 12:00:00 GMT-0800 (PST)","2014","Dec","16",12
"Tue Dec 16 2014 12:30:00 GMT-0800 (PST)","2014","Dec","16",12
"Tue Dec 16 2014 12:00:00 GMT-0800 (PST)","2014","Dec","16",12
"Thu Dec 18 2014 12:30:00 GMT-0800 (PST)","2014","Dec","18",12
"Thu Dec 18 2014 12:30:00 GMT-0800 (PST)","2014","Dec","18",12
"Tue Dec 16 2014 12:00:00 GMT-0800 (PST)","2014","Dec","16",12
"Tue Jan 27 2015 04:00:00 GMT-0800 (PST)","2015","Jan","27",1
"Wed Dec 17 2014 12:30:00 GMT-0800 (PST)","2014","Dec","17",12
"Thu Dec 18 2014 11:30:00 GMT-0800 (PST)","2014","Dec","18",12
"Tue Dec 30 2014 12:30:00 GMT-0800 (PST)","2014","Dec","30",12
"Tue Dec 23 2014 12:30:00 GMT-0800 (PST)","2014","Dec","23",12
"Thu Dec 18 2014 12:30:00 GMT-0800 (PST)","2014","Dec","18",12
"Tue Dec 16 2014 12:00:00 GMT-0800 (PST)","2014","Dec","16",12
"Thu Dec 18 2014 12:30:00 GMT-0800 (PST)","2014","Dec","18",12
"Tue Dec 16 2014 12:00:00 GMT-0800 (PST)","2014","Dec","16",12
"Thu Dec 18 2014 12:30:00 GMT-0800 (PST)","2014","Dec","18",12
"Wed Dec 17 2014 12:30:00 GMT-0800 (PST)","2014","Dec","17",12
"Thu Dec 18 2014 12:30:00 GMT-0800 (PST)","2014","Dec","18",12
"Thu Dec 18 2014 12:30:00 GMT-0800 (PST)","2014","Dec","18",12
"Tue Dec 16 2014 12:00:00 GMT-0800 (PST)","2014","Dec","16",12
"Tue Dec 16 2014 12:00:00 GMT-0800 (PST)","2014","Dec","16",12
"Thu Dec 18 2014 12:30:00 GMT-0800 (PST)","2014","Dec","18",12
"Thu Dec 18 2014 12:30:00 GMT-0800 (PST)","2014","Dec","18",12
"Thu Dec 18 2014 12:30:00 GMT-0800 (PST)","2014","Dec","18",12
"Thu Dec 18 2014 12:30:00 GMT-0800 (PST)","2014","Dec","18",12
"Tue Dec 16 2014 13:00:00 GMT-0800 (PST)","2014","Dec","16",12
"Tue Jan 27 2015 04:30:00 GMT-0800 (PST)","2015","Jan","27",1
"Thu Dec 18 2014 12:30:00 GMT-0800 (PST)","2014","Dec","18",12
"Tue Dec 16 2014 12:00:00 GMT-0800 (PST)","2014","Dec","16",12
"Tue Dec 16 2014 12:00:00 GMT-0800 (PST)","2014","Dec","16",12
"Wed Dec 17 2014 12:30:00 GMT-0800 (PST)","2014","Dec","17",12
"Tue Dec 16 2014 12:00:00 GMT-0800 (PST)","2014","Dec","16",12
"Tue Dec 16 2014 12:00:00 GMT-0800 (PST)","2014","Dec","16",12
"Thu Dec 18 2014 12:30:00 GMT-0800 (PST)","2014","Dec","18",12
"Tue Dec 16 2014 12:00:00 GMT-0800 (PST)","2014","Dec","16",12
"Tue Dec 16 2014 12:00:00 GMT-0800 (PST)","2014","Dec","16",12
"Wed Dec 31 2014 12:30:00 GMT-0800 (PST)","2014","Dec","31",12
"Tue Dec 16 2014 12:00:00 GMT-0800 (PST)","2014","Dec","16",12
"Thu Dec 18 2014 12:30:00 GMT-0800 (PST)","2014","Dec","18",12
"Tue Dec 16 2014 12:30:00 GMT-0800 (PST)","2014","Dec","16",12
"Tue Jan 27 2015 04:30:00 GMT-0800 (PST)","2015","Jan","27",1
"Thu Dec 18 2014 12:00:00 GMT-0800 (PST)","2014","Dec","18",12
"Thu Dec 18 2014 12:30:00 GMT-0800 (PST)","2014","Dec","18",12
"Thu Dec 18 2014 12:30:00 GMT-0800 (PST)","2014","Dec","18",12
"Thu Dec 18 2014 12:30:00 GMT-0800 (PST)","2014","Dec","18",12
"Thu Dec 18 2014 12:30:00 GMT-0800 (PST)","2014","Dec","18",12
"Tue Dec 16 2014 12:00:00 GMT-0800 (PST)","2014","Dec","16",12
"Tue Dec 16 2014 12:00:00 GMT-0800 (PST)","2014","Dec","16",12
"Tue Dec 23 2014 12:30:00 GMT-0800 (PST)","2014","Dec","23",12
"Tue Dec 16 2014 12:30:00 GMT-0800 (PST)","2014","Dec","16",12
"Tue Dec 16 2014 12:00:00 GMT-0800 (PST)","2014","Dec","16",12
"Thu Dec 18 2014 12:30:00 GMT-0800 (PST)","2014","Dec","18",12
"Tue Dec 16 2014 12:00:00 GMT-0800 (PST)","2014","Dec","16",12
"Thu Dec 18 2014 12:30:00 GMT-0800 (PST)","2014","Dec","18",12
"Thu Dec 18 2014 12:30:00 GMT-0800 (PST)","2014","Dec","18",12
"Thu Dec 18 2014 12:30:00 GMT-0800 (PST)","2014","Dec","18",12
"Thu Dec 18 2014 12:30:00 GMT-0800 (PST)","2014","Dec","18",12
"Thu Dec 18 2014 12:30:00 GMT-0800 (PST)","2014","Dec","18",12
"Tue Dec 16 2014 12:00:00 GMT-0800 (PST)","2014","Dec","16",12
"Thu Dec 18 2014 12:30:00 GMT-0800 (PST)","2014","Dec","18",12
"Thu Dec 18 2014 12:30:00 GMT-0800 (PST)","2014","Dec","18",12
"Thu Dec 18 2014 12:30:00 GMT-0800 (PST)","2014","Dec","18",12
"Tue Dec 16 2014 12:00:00 GMT-0800 (PST)","2014","Dec","16",12
"Thu Dec 18 2014 12:30:00 GMT-0800 (PST)","2014","Dec","18",12
"Tue Dec 16 2014 12:30:00 GMT-0800 (PST)","2014","Dec","16",12
"Thu Dec 18 2014 12:30:00 GMT-0800 (PST)","2014","Dec","18",12
"Tue Dec 16 2014 12:30:00 GMT-0800 (PST)","2014","Dec","16",12
"Thu Dec 18 2014 12:30:00 GMT-0800 (PST)","2014","Dec","18",12
"Tue Dec 30 2014 13:00:00 GMT-0800 (PST)","2014","Dec","30",12
"Tue Dec 16 2014 12:00:00 GMT-0800 (PST)","2014","Dec","16",12
"Tue Dec 16 2014 13:00:00 GMT-0800 (PST)","2014","Dec","16",12
"Wed Dec 17 2014 12:30:00 GMT-0800 (PST)","2014","Dec","17",12
"Tue Jan 27 2015 04:30:00 GMT-0800 (PST)","2015","Jan","27",1
"Thu Dec 18 2014 12:30:00 GMT-0800 (PST)","2014","Dec","18",12
"Thu Dec 18 2014 11:30:00 GMT-0800 (PST)","2014","Dec","18",12
"Tue Dec 16 2014 12:30:00 GMT-0800 (PST)","2014","Dec","16",12
"Thu Dec 18 2014 12:30:00 GMT-0800 (PST)","2014","Dec","18",12
"Thu Dec 18 2014 12:30:00 GMT-0800 (PST)","2014","Dec","18",12
"Tue Jan 13 2015 12:30:00 GMT-0800 (PST)","2015","Jan","13",1
"Thu Dec 18 2014 12:30:00 GMT-0800 (PST)","2014","Dec","18",12
"Tue Jan 13 2015 12:00:00 GMT-0800 (PST)","2015","Jan","13",1
"Wed Dec 17 2014 12:30:00 GMT-0800 (PST)","2014","Dec","17",12
"Tue Dec 16 2014 12:00:00 GMT-0800 (PST)","2014","Dec","16",12
"Tue Dec 16 2014 12:00:00 GMT-0800 (PST)","2014","Dec","16",12
"Thu Dec 18 2014 12:00:00 GMT-0800 (PST)","2014","Dec","18",12
"Tue Dec 16 2014 12:30:00 GMT-0800 (PST)","2014","Dec","16",12
"Tue Dec 16 2014 12:30:00 GMT-0800 (PST)","2014","Dec","16",12
"Tue Dec 16 2014 12:30:00 GMT-0800 (PST)","2014","Dec","16",12
"Thu Jan 29 2015 04:30:00 GMT-0800 (PST)","2015","Jan","29",1
"Tue Dec 16 2014 12:30:00 GMT-0800 (PST)","2014","Dec","16",12
"Wed Dec 17 2014 12:30:00 GMT-0800 (PST)","2014","Dec","17",12
"Wed Dec 31 2014 12:30:00 GMT-0800 (PST)","2014","Dec","31",12
"Tue Dec 16 2014 12:30:00 GMT-0800 (PST)","2014","Dec","16",12
"Thu Dec 18 2014 12:30:00 GMT-0800 (PST)","2014","Dec","18",12
"Wed Dec 17 2014 12:15:00 GMT-0800 (PST)","2014","Dec","17",12
"Tue Dec 16 2014 12:00:00 GMT-0800 (PST)","2014","Dec","16",12
"Wed Dec 17 2014 12:30:00 GMT-0800 (PST)","2014","Dec","17",12
"Wed Dec 17 2014 12:30:00 GMT-0800 (PST)","2014","Dec","17",12
"Tue Dec 16 2014 12:30:00 GMT-0800 (PST)","2014","Dec","16",12
"Tue Dec 30 2014 15:00:00 GMT-0800 (PST)","2014","Dec","30",12
"Thu Dec 18 2014 12:00:00 GMT-0800 (PST)","2014","Dec","18",12
"Tue Dec 16 2014 12:30:00 GMT-0800 (PST)","2014","Dec","16",12
"Wed Dec 17 2014 12:30:00 GMT-0800 (PST)","2014","Dec","17",12
"Thu Dec 18 2014 12:30:00 GMT-0800 (PST)","2014","Dec","18",12
"Tue Dec 16 2014 12:00:00 GMT-0800 (PST)","2014","Dec","16",12
"Tue Dec 30 2014 16:00:00 GMT-0800 (PST)","2014","Dec","30",12
"Tue Dec 16 2014 12:30:00 GMT-0800 (PST)","2014","Dec","16",12
"Thu Jan 15 2015 04:30:00 GMT-0800 (PST)","2015","Jan","15",1
"Tue Dec 16 2014 12:30:00 GMT-0800 (PST)","2014","Dec","16",12
"Tue Dec 16 2014 12:30:00 GMT-0800 (PST)","2014","Dec","16",12
"Tue Dec 30 2014 15:00:00 GMT-0800 (PST)","2014","Dec","30",12
"Tue Dec 16 2014 12:30:00 GMT-0800 (PST)","2014","Dec","16",12
"Wed Dec 31 2014 12:30:00 GMT-0800 (PST)","2014","Dec","31",12
"Tue Dec 16 2014 12:00:00 GMT-0800 (PST)","2014","Dec","16",12
"Wed Dec 17 2014 12:30:00 GMT-0800 (PST)","2014","Dec","17",12
"Tue Dec 30 2014 12:30:00 GMT-0800 (PST)","2014","Dec","30",12
"Thu Jan 15 2015 04:30:00 GMT-0800 (PST)","2015","Jan","15",1
"Thu Dec 18 2014 12:00:00 GMT-0800 (PST)","2014","Dec","18",12
"Thu Jan 15 2015 04:30:00 GMT-0800 (PST)","2015","Jan","15",1
"Wed Dec 17 2014 12:30:00 GMT-0800 (PST)","2014","Dec","17",12
"Wed Dec 17 2014 12:30:00 GMT-0800 (PST)","2014","Dec","17",12
"Thu Dec 18 2014 12:30:00 GMT-0800 (PST)","2014","Dec","18",12
"Thu Jan 15 2015 04:30:00 GMT-0800 (PST)","2015","Jan","15",1
"Wed Dec 31 2014 12:30:00 GMT-0800 (PST)","2014","Dec","31",12
"Thu Dec 18 2014 12:30:00 GMT-0800 (PST)","2014","Dec","18",12
"Tue Dec 23 2014 13:00:00 GMT-0800 (PST)","2014","Dec","23",12
"Thu Dec 18 2014 12:00:00 GMT-0800 (PST)","2014","Dec","18",12
"Wed Dec 31 2014 12:30:00 GMT-0800 (PST)","2014","Dec","31",12
"Wed Dec 17 2014 12:15:00 GMT-0800 (PST)","2014","Dec","17",12
"Tue Dec 16 2014 12:00:00 GMT-0800 (PST)","2014","Dec","16",12
"Tue Dec 23 2014 12:00:00 GMT-0800 (PST)","2014","Dec","23",12
"Tue Dec 16 2014 12:30:00 GMT-0800 (PST)","2014","Dec","16",12
"Tue Dec 23 2014 12:30:00 GMT-0800 (PST)","2014","Dec","23",12
"Tue Dec 23 2014 12:30:00 GMT-0800 (PST)","2014","Dec","23",12
"Wed Dec 17 2014 12:30:00 GMT-0800 (PST)","2014","Dec","17",12
"Wed Jan 07 2015 12:15:00 GMT-0800 (PST)","2015","Jan","07",1
"Thu Dec 18 2014 12:00:00 GMT-0800 (PST)","2014","Dec","18",12
"Thu Dec 18 2014 11:30:00 GMT-0800 (PST)","2014","Dec","18",12
"Thu Dec 18 2014 12:00:00 GMT-0800 (PST)","2014","Dec","18",12
"Tue Dec 23 2014 12:30:00 GMT-0800 (PST)","2014","Dec","23",12
"Wed Dec 17 2014 12:30:00 GMT-0800 (PST)","2014","Dec","17",12
"Thu Dec 18 2014 12:00:00 GMT-0800 (PST)","2014","Dec","18",12
"Thu Dec 18 2014 11:30:00 GMT-0800 (PST)","2014","Dec","18",12
"Thu Dec 18 2014 11:30:00 GMT-0800 (PST)","2014","Dec","18",12
"Tue Dec 16 2014 13:00:00 GMT-0800 (PST)","2014","Dec","16",12
"Wed Dec 17 2014 12:30:00 GMT-0800 (PST)","2014","Dec","17",12
"Thu Dec 18 2014 11:30:00 GMT-0800 (PST)","2014","Dec","18",12
"Thu Dec 18 2014 12:30:00 GMT-0800 (PST)","2014","Dec","18",12
"Wed Dec 17 2014 12:15:00 GMT-0800 (PST)","2014","Dec","17",12
"Wed Dec 17 2014 12:30:00 GMT-0800 (PST)","2014","Dec","17",12
"Tue Dec 16 2014 12:30:00 GMT-0800 (PST)","2014","Dec","16",12
"Thu Jan 22 2015 03:30:00 GMT-0800 (PST)","2015","Jan","22",1
"Wed Dec 17 2014 12:30:00 GMT-0800 (PST)","2014","Dec","17",12
"Tue Dec 16 2014 12:30:00 GMT-0800 (PST)","2014","Dec","16",12
"Tue Dec 16 2014 13:00:00 GMT-0800 (PST)","2014","Dec","16",12
"Tue Dec 16 2014 12:30:00 GMT-0800 (PST)","2014","Dec","16",12
"Thu Dec 18 2014 12:30:00 GMT-0800 (PST)","2014","Dec","18",12
"Thu Dec 18 2014 12:00:00 GMT-0800 (PST)","2014","Dec","18",12
"Thu Feb 12 2015 04:30:00 GMT-0800 (PST)","2015","Feb","12",2
"Thu Dec 18 2014 12:00:00 GMT-0800 (PST)","2014","Dec","18",12
"Thu Dec 18 2014 12:30:00 GMT-0800 (PST)","2014","Dec","18",12
"Thu Dec 18 2014 12:30:00 GMT-0800 (PST)","2014","Dec","18",12
"Thu Jan 15 2015 04:30:00 GMT-0800 (PST)","2015","Jan","15",1
"Thu Dec 18 2014 12:30:00 GMT-0800 (PST)","2014","Dec","18",12
"Thu Dec 18 2014 12:30:00 GMT-0800 (PST)","2014","Dec","18",12
"Thu Dec 18 2014 12:30:00 GMT-0800 (PST)","2014","Dec","18",12
"Thu Jan 15 2015 04:30:00 GMT-0800 (PST)","2015","Jan","15",1
"Thu Dec 18 2014 12:30:00 GMT-0800 (PST)","2014","Dec","18",12
"Thu Jan 29 2015 04:30:00 GMT-0800 (PST)","2015","Jan","29",1
"Thu Dec 18 2014 12:30:00 GMT-0800 (PST)","2014","Dec","18",12
"Thu Dec 18 2014 12:30:00 GMT-0800 (PST)","2014","Dec","18",12
"Thu Dec 18 2014 12:30:00 GMT-0800 (PST)","2014","Dec","18",12
"Thu Dec 18 2014 12:00:00 GMT-0800 (PST)","2014","Dec","18",12
"Thu Dec 18 2014 12:30:00 GMT-0800 (PST)","2014","Dec","18",12
"Tue Jan 27 2015 04:30:00 GMT-0800 (PST)","2015","Jan","27",1
"Thu Dec 18 2014 12:30:00 GMT-0800 (PST)","2014","Dec","18",12
"Thu Dec 18 2014 12:30:00 GMT-0800 (PST)","2014","Dec","18",12
"Thu Dec 18 2014 12:00:00 GMT-0800 (PST)","2014","Dec","18",12
"Thu Jan 29 2015 04:30:00 GMT-0800 (PST)","2015","Jan","29",1
"Thu Dec 18 2014 12:30:00 GMT-0800 (PST)","2014","Dec","18",12
"Tue Jan 27 2015 04:30:00 GMT-0800 (PST)","2015","Jan","27",1
"Thu Dec 18 2014 12:00:00 GMT-0800 (PST)","2014","Dec","18",12
"Tue Dec 16 2014 12:30:00 GMT-0800 (PST)","2014","Dec","16",12
"Thu Dec 18 2014 12:30:00 GMT-0800 (PST)","2014","Dec","18",12
"Thu Dec 18 2014 12:30:00 GMT-0800 (PST)","2014","Dec","18",12
"Thu Dec 18 2014 12:30:00 GMT-0800 (PST)","2014","Dec","18",12
"Thu Jan 15 2015 04:30:00 GMT-0800 (PST)","2015","Jan","15",1
"Thu Jan 15 2015 04:30:00 GMT-0800 (PST)","2015","Jan","15",1
"Thu Dec 18 2014 12:30:00 GMT-0800 (PST)","2014","Dec","18",12
"Thu Dec 18 2014 12:30:00 GMT-0800 (PST)","2014","Dec","18",12
"Thu Dec 18 2014 12:30:00 GMT-0800 (PST)","2014","Dec","18",12
"Thu Jan 15 2015 04:30:00 GMT-0800 (PST)","2015","Jan","15",1
"Thu Jan 29 2015 04:30:00 GMT-0800 (PST)","2015","Jan","29",1
"Thu Dec 18 2014 12:00:00 GMT-0800 (PST)","2014","Dec","18",12
"Thu Dec 18 2014 12:30:00 GMT-0800 (PST)","2014","Dec","18",12
"Thu Dec 18 2014 12:30:00 GMT-0800 (PST)","2014","Dec","18",12
"Thu Dec 18 2014 12:30:00 GMT-0800 (PST)","2014","Dec","18",12
"Thu Jan 29 2015 04:30:00 GMT-0800 (PST)","2015","Jan","29",1
"Thu Dec 18 2014 12:00:00 GMT-0800 (PST)","2014","Dec","18",12
"Thu Dec 18 2014 12:30:00 GMT-0800 (PST)","2014","Dec","18",12
"Thu Dec 18 2014 12:30:00 GMT-0800 (PST)","2014","Dec","18",12
"Thu Dec 18 2014 12:00:00 GMT-0800 (PST)","2014","Dec","18",12
"Thu Jan 29 2015 04:30:00 GMT-0800 (PST)","2015","Jan","29",1
"Thu Dec 18 2014 12:30:00 GMT-0800 (PST)","2014","Dec","18",12
"Thu Dec 18 2014 12:30:00 GMT-0800 (PST)","2014","Dec","18",12
"Thu Dec 18 2014 12:30:00 GMT-0800 (PST)","2014","Dec","18",12
"Thu Dec 18 2014 12:30:00 GMT-0800 (PST)","2014","Dec","18",12
"Thu Dec 18 2014 12:00:00 GMT-0800 (PST)","2014","Dec","18",12
"Thu Jan 15 2015 04:30:00 GMT-0800 (PST)","2015","Jan","15",1
"Thu Dec 18 2014 12:00:00 GMT-0800 (PST)","2014","Dec","18",12
"Thu Dec 18 2014 12:30:00 GMT-0800 (PST)","2014","Dec","18",12
"Thu Jan 15 2015 04:30:00 GMT-0800 (PST)","2015","Jan","15",1
"Thu Dec 18 2014 12:00:00 GMT-0800 (PST)","2014","Dec","18",12
"Thu Dec 18 2014 12:30:00 GMT-0800 (PST)","2014","Dec","18",12
"Thu Jan 15 2015 04:30:00 GMT-0800 (PST)","2015","Jan","15",1
"Thu Dec 18 2014 12:30:00 GMT-0800 (PST)","2014","Dec","18",12
"Thu Dec 18 2014 12:30:00 GMT-0800 (PST)","2014","Dec","18",12
"Thu Dec 18 2014 12:30:00 GMT-0800 (PST)","2014","Dec","18",12
"Thu Dec 18 2014 12:30:00 GMT-0800 (PST)","2014","Dec","18",12
"Thu Dec 18 2014 12:30:00 GMT-0800 (PST)","2014","Dec","18",12
"Thu Dec 18 2014 12:30:00 GMT-0800 (PST)","2014","Dec","18",12
"Thu Dec 18 2014 12:30:00 GMT-0800 (PST)","2014","Dec","18",12
"Thu Dec 18 2014 12:30:00 GMT-0800 (PST)","2014","Dec","18",12
"Wed Dec 17 2014 12:30:00 GMT-0800 (PST)","2014","Dec","17",12
"Tue Dec 23 2014 12:00:00 GMT-0800 (PST)","2014","Dec","23",12
"Thu Jan 29 2015 04:30:00 GMT-0800 (PST)","2015","Jan","29",1
"Wed Dec 17 2014 11:00:00 GMT-0800 (PST)","2014","Dec","17",12
"Thu Jan 29 2015 04:30:00 GMT-0800 (PST)","2015","Jan","29",1
"Thu Dec 18 2014 12:30:00 GMT-0800 (PST)","2014","Dec","18",12
"Thu Dec 18 2014 12:30:00 GMT-0800 (PST)","2014","Dec","18",12
"Thu Dec 18 2014 12:30:00 GMT-0800 (PST)","2014","Dec","18",12
"Thu Dec 18 2014 12:30:00 GMT-0800 (PST)","2014","Dec","18",12
"Thu Dec 18 2014 12:30:00 GMT-0800 (PST)","2014","Dec","18",12
"Thu Dec 18 2014 12:30:00 GMT-0800 (PST)","2014","Dec","18",12
"Thu Dec 18 2014 12:30:00 GMT-0800 (PST)","2014","Dec","18",12
"Thu Dec 18 2014 12:30:00 GMT-0800 (PST)","2014","Dec","18",12
"Thu Dec 18 2014 12:30:00 GMT-0800 (PST)","2014","Dec","18",12
"Thu Feb 12 2015 04:30:00 GMT-0800 (PST)","2015","Feb","12",2
"Thu Jan 29 2015 04:30:00 GMT-0800 (PST)","2015","Jan","29",1
"Thu Dec 18 2014 12:00:00 GMT-0800 (PST)","2014","Dec","18",12
"Thu Dec 18 2014 12:30:00 GMT-0800 (PST)","2014","Dec","18",12
"Thu Dec 18 2014 12:00:00 GMT-0800 (PST)","2014","Dec","18",12
"Thu Dec 18 2014 12:00:00 GMT-0800 (PST)","2014","Dec","18",12
"Thu Jan 15 2015 04:30:00 GMT-0800 (PST)","2015","Jan","15",1
"Thu Feb 12 2015 04:30:00 GMT-0800 (PST)","2015","Feb","12",2
"Tue Dec 16 2014 12:30:00 GMT-0800 (PST)","2014","Dec","16",12
"Thu Jan 29 2015 04:30:00 GMT-0800 (PST)","2015","Jan","29",1
"Thu Dec 18 2014 12:00:00 GMT-0800 (PST)","2014","Dec","18",12
"Thu Jan 29 2015 04:30:00 GMT-0800 (PST)","2015","Jan","29",1
"Tue Dec 16 2014 12:30:00 GMT-0800 (PST)","2014","Dec","16",12
"Thu Feb 12 2015 04:30:00 GMT-0800 (PST)","2015","Feb","12",2
"Thu Dec 18 2014 12:00:00 GMT-0800 (PST)","2014","Dec","18",12
"Thu Dec 18 2014 12:30:00 GMT-0800 (PST)","2014","Dec","18",12
"Thu Jan 15 2015 04:30:00 GMT-0800 (PST)","2015","Jan","15",1
"Thu Dec 18 2014 12:30:00 GMT-0800 (PST)","2014","Dec","18",12
"Thu Dec 18 2014 12:00:00 GMT-0800 (PST)","2014","Dec","18",12
"Tue Feb 03 2015 04:30:00 GMT-0800 (PST)","2015","Feb","03",2
"Thu Dec 18 2014 12:30:00 GMT-0800 (PST)","2014","Dec","18",12
"Thu Dec 18 2014 12:00:00 GMT-0800 (PST)","2014","Dec","18",12
"Thu Dec 18 2014 12:30:00 GMT-0800 (PST)","2014","Dec","18",12
"Thu Dec 18 2014 12:00:00 GMT-0800 (PST)","2014","Dec","18",12
"Thu Dec 18 2014 12:30:00 GMT-0800 (PST)","2014","Dec","18",12
"Tue Dec 16 2014 12:30:00 GMT-0800 (PST)","2014","Dec","16",12
"Thu Jan 15 2015 04:30:00 GMT-0800 (PST)","2015","Jan","15",1
"Thu Dec 18 2014 12:30:00 GMT-0800 (PST)","2014","Dec","18",12
"Thu Feb 26 2015 04:30:00 GMT-0800 (PST)","2015","Feb","26",2
"Thu Dec 18 2014 12:30:00 GMT-0800 (PST)","2014","Dec","18",12
"Thu Jan 15 2015 04:30:00 GMT-0800 (PST)","2015","Jan","15",1
"Thu Dec 18 2014 12:00:00 GMT-0800 (PST)","2014","Dec","18",12
"Wed Dec 17 2014 12:15:00 GMT-0800 (PST)","2014","Dec","17",12
"Thu Dec 18 2014 12:00:00 GMT-0800 (PST)","2014","Dec","18",12
"Thu Dec 18 2014 12:30:00 GMT-0800 (PST)","2014","Dec","18",12
"Thu Dec 18 2014 12:30:00 GMT-0800 (PST)","2014","Dec","18",12
"Thu Dec 18 2014 12:30:00 GMT-0800 (PST)","2014","Dec","18",12
"Thu Feb 12 2015 04:30:00 GMT-0800 (PST)","2015","Feb","12",2
"Wed Jan 21 2015 04:30:00 GMT-0800 (PST)","2015","Jan","21",1
"Thu Dec 18 2014 12:00:00 GMT-0800 (PST)","2014","Dec","18",12
"Wed Feb 11 2015 04:30:00 GMT-0800 (PST)","2015","Feb","11",2
"Thu Dec 18 2014 12:30:00 GMT-0800 (PST)","2014","Dec","18",12
"Thu Jan 15 2015 04:30:00 GMT-0800 (PST)","2015","Jan","15",1
"Thu Dec 18 2014 12:00:00 GMT-0800 (PST)","2014","Dec","18",12
"Thu Dec 18 2014 12:30:00 GMT-0800 (PST)","2014","Dec","18",12
"Thu Dec 18 2014 12:30:00 GMT-0800 (PST)","2014","Dec","18",12
"Tue Dec 16 2014 13:00:00 GMT-0800 (PST)","2014","Dec","16",12
"Wed Jan 07 2015 11:00:00 GMT-0800 (PST)","2015","Jan","07",1
"Thu Jan 08 2015 11:30:00 GMT-0800 (PST)","2015","Jan","08",1
"Tue Dec 16 2014 12:30:00 GMT-0800 (PST)","2014","Dec","16",12
"Thu Dec 18 2014 11:30:00 GMT-0800 (PST)","2014","Dec","18",12
"Thu Jan 15 2015 04:30:00 GMT-0800 (PST)","2015","Jan","15",1
"Wed Dec 17 2014 12:30:00 GMT-0800 (PST)","2014","Dec","17",12
"Tue Dec 16 2014 12:30:00 GMT-0800 (PST)","2014","Dec","16",12
"Wed Dec 17 2014 12:30:00 GMT-0800 (PST)","2014","Dec","17",12
"Tue Dec 16 2014 12:30:00 GMT-0800 (PST)","2014","Dec","16",12
"Wed Dec 17 2014 12:30:00 GMT-0800 (PST)","2014","Dec","17",12
"Tue Dec 16 2014 12:30:00 GMT-0800 (PST)","2014","Dec","16",12
"Tue Dec 16 2014 12:30:00 GMT-0800 (PST)","2014","Dec","16",12
"Tue Dec 16 2014 12:30:00 GMT-0800 (PST)","2014","Dec","16",12
"Tue Dec 16 2014 12:30:00 GMT-0800 (PST)","2014","Dec","16",12
"Thu Dec 18 2014 12:30:00 GMT-0800 (PST)","2014","Dec","18",12
"Thu Jan 15 2015 03:30:00 GMT-0800 (PST)","2015","Jan","15",1
"Tue Dec 16 2014 12:30:00 GMT-0800 (PST)","2014","Dec","16",12
"Wed Dec 17 2014 12:30:00 GMT-0800 (PST)","2014","Dec","17",12
"Wed Dec 17 2014 12:30:00 GMT-0800 (PST)","2014","Dec","17",12
"Wed Dec 17 2014 12:30:00 GMT-0800 (PST)","2014","Dec","17",12
"Wed Dec 31 2014 12:30:00 GMT-0800 (PST)","2014","Dec","31",12
"Thu Dec 18 2014 12:00:00 GMT-0800 (PST)","2014","Dec","18",12
"Wed Dec 17 2014 12:30:00 GMT-0800 (PST)","2014","Dec","17",12
"Wed Dec 17 2014 12:30:00 GMT-0800 (PST)","2014","Dec","17",12
"Tue Dec 16 2014 12:30:00 GMT-0800 (PST)","2014","Dec","16",12
"Tue Dec 16 2014 12:30:00 GMT-0800 (PST)","2014","Dec","16",12
"Thu Dec 18 2014 11:30:00 GMT-0800 (PST)","2014","Dec","18",12
"Wed Dec 17 2014 12:30:00 GMT-0800 (PST)","2014","Dec","17",12
"Thu Jan 15 2015 04:30:00 GMT-0800 (PST)","2015","Jan","15",1
"Thu Dec 18 2014 12:00:00 GMT-0800 (PST)","2014","Dec","18",12
"Wed Dec 17 2014 12:30:00 GMT-0800 (PST)","2014","Dec","17",12
"Wed Dec 17 2014 12:30:00 GMT-0800 (PST)","2014","Dec","17",12
"Thu Jan 15 2015 04:30:00 GMT-0800 (PST)","2015","Jan","15",1
"Tue Dec 16 2014 12:30:00 GMT-0800 (PST)","2014","Dec","16",12
"Thu Dec 18 2014 11:30:00 GMT-0800 (PST)","2014","Dec","18",12
"Wed Dec 17 2014 12:15:00 GMT-0800 (PST)","2014","Dec","17",12
"Wed Dec 17 2014 12:30:00 GMT-0800 (PST)","2014","Dec","17",12
"Thu Dec 18 2014 12:00:00 GMT-0800 (PST)","2014","Dec","18",12
"Wed Dec 17 2014 12:30:00 GMT-0800 (PST)","2014","Dec","17",12
"Tue Dec 16 2014 12:30:00 GMT-0800 (PST)","2014","Dec","16",12
"Wed Dec 17 2014 12:30:00 GMT-0800 (PST)","2014","Dec","17",12
"Thu Dec 18 2014 11:30:00 GMT-0800 (PST)","2014","Dec","18",12
"Wed Jan 14 2015 04:30:00 GMT-0800 (PST)","2015","Jan","14",1
"Wed Dec 17 2014 12:30:00 GMT-0800 (PST)","2014","Dec","17",12
"Tue Dec 16 2014 12:00:00 GMT-0800 (PST)","2014","Dec","16",12
"Wed Dec 17 2014 12:15:00 GMT-0800 (PST)","2014","Dec","17",12
"Wed Dec 17 2014 12:30:00 GMT-0800 (PST)","2014","Dec","17",12
"Wed Dec 17 2014 13:00:00 GMT-0800 (PST)","2014","Dec","17",12
"Thu Dec 18 2014 12:00:00 GMT-0800 (PST)","2014","Dec","18",12
"Tue Dec 16 2014 12:30:00 GMT-0800 (PST)","2014","Dec","16",12
"Tue Dec 16 2014 12:30:00 GMT-0800 (PST)","2014","Dec","16",12
"Wed Dec 17 2014 12:30:00 GMT-0800 (PST)","2014","Dec","17",12
"Tue Dec 23 2014 00:00:00 GMT-0800 (PST)","2014","Dec","23",12
"Thu Jan 08 2015 11:30:00 GMT-0800 (PST)","2015","Jan","08",1
"Tue Dec 16 2014 13:00:00 GMT-0800 (PST)","2014","Dec","16",12
"Thu Dec 18 2014 12:30:00 GMT-0800 (PST)","2014","Dec","18",12
"Wed Dec 17 2014 12:30:00 GMT-0800 (PST)","2014","Dec","17",12
"Wed Dec 31 2014 15:05:00 GMT-0800 (PST)","2014","Dec","31",12
"Tue Dec 16 2014 12:30:00 GMT-0800 (PST)","2014","Dec","16",12
"Thu Dec 18 2014 12:00:00 GMT-0800 (PST)","2014","Dec","18",12
"Thu Dec 18 2014 12:00:00 GMT-0800 (PST)","2014","Dec","18",12
"Wed Dec 17 2014 12:30:00 GMT-0800 (PST)","2014","Dec","17",12
"Thu Dec 18 2014 11:30:00 GMT-0800 (PST)","2014","Dec","18",12
"Tue Dec 16 2014 12:30:00 GMT-0800 (PST)","2014","Dec","16",12
"Wed Dec 17 2014 12:30:00 GMT-0800 (PST)","2014","Dec","17",12
"Tue Dec 16 2014 12:30:00 GMT-0800 (PST)","2014","Dec","16",12
"Tue Dec 16 2014 12:30:00 GMT-0800 (PST)","2014","Dec","16",12
"Tue Dec 16 2014 12:30:00 GMT-0800 (PST)","2014","Dec","16",12
"Tue Dec 16 2014 12:30:00 GMT-0800 (PST)","2014","Dec","16",12
"Tue Dec 23 2014 13:00:00 GMT-0800 (PST)","2014","Dec","23",12
"Thu Dec 18 2014 12:00:00 GMT-0800 (PST)","2014","Dec","18",12
"Wed Dec 17 2014 12:30:00 GMT-0800 (PST)","2014","Dec","17",12
"Tue Dec 16 2014 12:30:00 GMT-0800 (PST)","2014","Dec","16",12
"Thu Dec 18 2014 12:30:00 GMT-0800 (PST)","2014","Dec","18",12
"Wed Dec 31 2014 12:30:00 GMT-0800 (PST)","2014","Dec","31",12
"Tue Dec 23 2014 12:30:00 GMT-0800 (PST)","2014","Dec","23",12
"Thu Dec 18 2014 11:30:00 GMT-0800 (PST)","2014","Dec","18",12
"Wed Dec 17 2014 12:30:00 GMT-0800 (PST)","2014","Dec","17",12
"Tue Dec 23 2014 12:30:00 GMT-0800 (PST)","2014","Dec","23",12
"Thu Dec 18 2014 12:00:00 GMT-0800 (PST)","2014","Dec","18",12
"Wed Dec 17 2014 12:30:00 GMT-0800 (PST)","2014","Dec","17",12
"Tue Dec 23 2014 12:30:00 GMT-0800 (PST)","2014","Dec","23",12
"Wed Dec 31 2014 12:30:00 GMT-0800 (PST)","2014","Dec","31",12
"Tue Dec 16 2014 12:30:00 GMT-0800 (PST)","2014","Dec","16",12
"Tue Dec 16 2014 12:30:00 GMT-0800 (PST)","2014","Dec","16",12
"Thu Dec 18 2014 12:30:00 GMT-0800 (PST)","2014","Dec","18",12
"Wed Jan 07 2015 12:30:00 GMT-0800 (PST)","2015","Jan","07",1
"Tue Dec 16 2014 12:30:00 GMT-0800 (PST)","2014","Dec","16",12
"Tue Dec 16 2014 12:30:00 GMT-0800 (PST)","2014","Dec","16",12
"Tue Dec 16 2014 12:30:00 GMT-0800 (PST)","2014","Dec","16",12
"Tue Dec 23 2014 00:00:00 GMT-0800 (PST)","2014","Dec","23",12
"Thu Jan 15 2015 04:00:00 GMT-0800 (PST)","2015","Jan","15",1
"Wed Dec 17 2014 12:30:00 GMT-0800 (PST)","2014","Dec","17",12
"Tue Dec 16 2014 12:30:00 GMT-0800 (PST)","2014","Dec","16",12
"Fri Dec 26 2014 15:00:00 GMT-0800 (PST)","2014","Dec","26",12
"Wed Dec 17 2014 12:30:00 GMT-0800 (PST)","2014","Dec","17",12
"Tue Dec 16 2014 12:30:00 GMT-0800 (PST)","2014","Dec","16",12
"Tue Dec 16 2014 12:00:00 GMT-0800 (PST)","2014","Dec","16",12
"Thu Dec 18 2014 12:00:00 GMT-0800 (PST)","2014","Dec","18",12
"Tue Dec 23 2014 12:30:00 GMT-0800 (PST)","2014","Dec","23",12
"Tue Dec 30 2014 00:00:00 GMT-0800 (PST)","2014","Dec","30",12
"Tue Dec 16 2014 12:30:00 GMT-0800 (PST)","2014","Dec","16",12
"Thu Dec 18 2014 12:00:00 GMT-0800 (PST)","2014","Dec","18",12
"Wed Dec 17 2014 15:05:00 GMT-0800 (PST)","2014","Dec","17",12
"Tue Dec 16 2014 12:30:00 GMT-0800 (PST)","2014","Dec","16",12
"Wed Dec 17 2014 12:30:00 GMT-0800 (PST)","2014","Dec","17",12
"Wed Dec 31 2014 12:30:00 GMT-0800 (PST)","2014","Dec","31",12
"Wed Dec 17 2014 12:45:00 GMT-0800 (PST)","2014","Dec","17",12
"Tue Dec 16 2014 13:00:00 GMT-0800 (PST)","2014","Dec","16",12
"Tue Dec 16 2014 12:30:00 GMT-0800 (PST)","2014","Dec","16",12
"Thu Dec 18 2014 11:30:00 GMT-0800 (PST)","2014","Dec","18",12
"Tue Dec 16 2014 12:00:00 GMT-0800 (PST)","2014","Dec","16",12
"Wed Dec 17 2014 12:15:00 GMT-0800 (PST)","2014","Dec","17",12
"Tue Dec 16 2014 12:30:00 GMT-0800 (PST)","2014","Dec","16",12
"Thu Dec 18 2014 12:30:00 GMT-0800 (PST)","2014","Dec","18",12
"Thu Dec 18 2014 12:00:00 GMT-0800 (PST)","2014","Dec","18",12
"Wed Dec 17 2014 12:30:00 GMT-0800 (PST)","2014","Dec","17",12
"Tue Jan 13 2015 13:00:00 GMT-0800 (PST)","2015","Jan","13",1
"Wed Dec 17 2014 12:30:00 GMT-0800 (PST)","2014","Dec","17",12
"Tue Dec 23 2014 00:00:00 GMT-0800 (PST)","2014","Dec","23",12
"Thu Dec 18 2014 12:00:00 GMT-0800 (PST)","2014","Dec","18",12
"Tue Dec 23 2014 13:00:00 GMT-0800 (PST)","2014","Dec","23",12
"Thu Dec 18 2014 12:00:00 GMT-0800 (PST)","2014","Dec","18",12
"Thu Dec 18 2014 12:00:00 GMT-0800 (PST)","2014","Dec","18",12
"Thu Dec 18 2014 12:00:00 GMT-0800 (PST)","2014","Dec","18",12
"Wed Dec 17 2014 12:30:00 GMT-0800 (PST)","2014","Dec","17",12
"Tue Dec 16 2014 12:30:00 GMT-0800 (PST)","2014","Dec","16",12
"Wed Dec 17 2014 12:30:00 GMT-0800 (PST)","2014","Dec","17",12
"Wed Dec 17 2014 12:30:00 GMT-0800 (PST)","2014","Dec","17",12
"Wed Dec 17 2014 12:30:00 GMT-0800 (PST)","2014","Dec","17",12
"Wed Dec 17 2014 12:30:00 GMT-0800 (PST)","2014","Dec","17",12
"Thu Dec 18 2014 12:00:00 GMT-0800 (PST)","2014","Dec","18",12
"Wed Dec 17 2014 12:30:00 GMT-0800 (PST)","2014","Dec","17",12
"Tue Dec 30 2014 12:00:00 GMT-0800 (PST)","2014","Dec","30",12
"Tue Dec 16 2014 13:00:00 GMT-0800 (PST)","2014","Dec","16",12
"Tue Dec 16 2014 12:30:00 GMT-0800 (PST)","2014","Dec","16",12
"Wed Dec 17 2014 12:30:00 GMT-0800 (PST)","2014","Dec","17",12
"Thu Dec 18 2014 12:00:00 GMT-0800 (PST)","2014","Dec","18",12
"Thu Dec 18 2014 12:00:00 GMT-0800 (PST)","2014","Dec","18",12
"Tue Dec 16 2014 13:00:00 GMT-0800 (PST)","2014","Dec","16",12
"Thu Dec 18 2014 12:30:00 GMT-0800 (PST)","2014","Dec","18",12
"Thu Dec 18 2014 12:00:00 GMT-0800 (PST)","2014","Dec","18",12
"Tue Dec 16 2014 12:30:00 GMT-0800 (PST)","2014","Dec","16",12
"Thu Dec 18 2014 12:00:00 GMT-0800 (PST)","2014","Dec","18",12
"Wed Dec 17 2014 12:30:00 GMT-0800 (PST)","2014","Dec","17",12
"Thu Dec 18 2014 12:00:00 GMT-0800 (PST)","2014","Dec","18",12
"Thu Jan 29 2015 04:00:00 GMT-0800 (PST)","2015","Jan","29",1
"Thu Dec 18 2014 12:30:00 GMT-0800 (PST)","2014","Dec","18",12
"Thu Dec 18 2014 12:00:00 GMT-0800 (PST)","2014","Dec","18",12
"Wed Dec 17 2014 12:30:00 GMT-0800 (PST)","2014","Dec","17",12
"Wed Dec 17 2014 12:30:00 GMT-0800 (PST)","2014","Dec","17",12
"Thu Dec 18 2014 11:30:00 GMT-0800 (PST)","2014","Dec","18",12
"Thu Dec 18 2014 12:00:00 GMT-0800 (PST)","2014","Dec","18",12
"Tue Dec 16 2014 12:00:00 GMT-0800 (PST)","2014","Dec","16",12
"Fri Dec 26 2014 15:00:00 GMT-0800 (PST)","2014","Dec","26",12
"Thu Dec 18 2014 12:00:00 GMT-0800 (PST)","2014","Dec","18",12
"Thu Dec 18 2014 12:30:00 GMT-0800 (PST)","2014","Dec","18",12
"Thu Dec 18 2014 12:00:00 GMT-0800 (PST)","2014","Dec","18",12
"Wed Jan 21 2015 04:30:00 GMT-0800 (PST)","2015","Jan","21",1
"Thu Dec 18 2014 11:30:00 GMT-0800 (PST)","2014","Dec","18",12
"Thu Dec 18 2014 12:00:00 GMT-0800 (PST)","2014","Dec","18",12
"Thu Dec 18 2014 12:00:00 GMT-0800 (PST)","2014","Dec","18",12
"Wed Dec 17 2014 12:30:00 GMT-0800 (PST)","2014","Dec","17",12
"Thu Dec 18 2014 12:00:00 GMT-0800 (PST)","2014","Dec","18",12
"Thu Dec 18 2014 12:00:00 GMT-0800 (PST)","2014","Dec","18",12
"Tue Jan 06 2015 04:30:00 GMT-0800 (PST)","2015","Jan","06",1
"Thu Dec 18 2014 12:30:00 GMT-0800 (PST)","2014","Dec","18",12
"Tue Dec 16 2014 12:00:00 GMT-0800 (PST)","2014","Dec","16",12
"Tue Jan 06 2015 04:30:00 GMT-0800 (PST)","2015","Jan","06",1
"Thu Dec 18 2014 11:30:00 GMT-0800 (PST)","2014","Dec","18",12
"Tue Dec 16 2014 12:30:00 GMT-0800 (PST)","2014","Dec","16",12
"Tue Dec 16 2014 12:30:00 GMT-0800 (PST)","2014","Dec","16",12
"Thu Dec 18 2014 12:00:00 GMT-0800 (PST)","2014","Dec","18",12
"Thu Dec 18 2014 12:00:00 GMT-0800 (PST)","2014","Dec","18",12
"Tue Dec 16 2014 12:00:00 GMT-0800 (PST)","2014","Dec","16",12
"Thu Dec 18 2014 12:30:00 GMT-0800 (PST)","2014","Dec","18",12
"Tue Dec 30 2014 12:30:00 GMT-0800 (PST)","2014","Dec","30",12
"Thu Dec 18 2014 12:00:00 GMT-0800 (PST)","2014","Dec","18",12
"Tue Dec 16 2014 12:30:00 GMT-0800 (PST)","2014","Dec","16",12
"Thu Jan 08 2015 12:00:00 GMT-0800 (PST)","2015","Jan","08",1
"Tue Dec 16 2014 12:30:00 GMT-0800 (PST)","2014","Dec","16",12
"Thu Dec 18 2014 11:30:00 GMT-0800 (PST)","2014","Dec","18",12
"Thu Dec 18 2014 12:30:00 GMT-0800 (PST)","2014","Dec","18",12
"Thu Dec 18 2014 12:30:00 GMT-0800 (PST)","2014","Dec","18",12
"Thu Dec 18 2014 12:30:00 GMT-0800 (PST)","2014","Dec","18",12
"Thu Dec 18 2014 12:00:00 GMT-0800 (PST)","2014","Dec","18",12
"Tue Dec 16 2014 12:30:00 GMT-0800 (PST)","2014","Dec","16",12
"Tue Dec 16 2014 12:30:00 GMT-0800 (PST)","2014","Dec","16",12
"Thu Dec 18 2014 12:00:00 GMT-0800 (PST)","2014","Dec","18",12
"Thu Dec 18 2014 12:30:00 GMT-0800 (PST)","2014","Dec","18",12
"Thu Dec 18 2014 12:00:00 GMT-0800 (PST)","2014","Dec","18",12
"Thu Dec 18 2014 12:00:00 GMT-0800 (PST)","2014","Dec","18",12
"Wed Dec 17 2014 12:30:00 GMT-0800 (PST)","2014","Dec","17",12
"Thu Dec 18 2014 12:00:00 GMT-0800 (PST)","2014","Dec","18",12
"Thu Dec 18 2014 12:30:00 GMT-0800 (PST)","2014","Dec","18",12
"Thu Dec 18 2014 12:00:00 GMT-0800 (PST)","2014","Dec","18",12
"Tue Feb 17 2015 04:00:00 GMT-0800 (PST)","2015","Feb","17",2
"Tue Dec 16 2014 12:30:00 GMT-0800 (PST)","2014","Dec","16",12
"Tue Dec 16 2014 12:30:00 GMT-0800 (PST)","2014","Dec","16",12
"Thu Dec 18 2014 12:00:00 GMT-0800 (PST)","2014","Dec","18",12
"Thu Dec 18 2014 12:00:00 GMT-0800 (PST)","2014","Dec","18",12
"Thu Dec 18 2014 12:00:00 GMT-0800 (PST)","2014","Dec","18",12
"Tue Dec 16 2014 12:00:00 GMT-0800 (PST)","2014","Dec","16",12
"Tue Feb 10 2015 04:30:00 GMT-0800 (PST)","2015","Feb","10",2
"Thu Jan 15 2015 04:00:00 GMT-0800 (PST)","2015","Jan","15",1
"Tue Dec 16 2014 12:00:00 GMT-0800 (PST)","2014","Dec","16",12
"Thu Dec 18 2014 12:00:00 GMT-0800 (PST)","2014","Dec","18",12
"Thu Dec 18 2014 12:30:00 GMT-0800 (PST)","2014","Dec","18",12
"Thu Dec 18 2014 12:00:00 GMT-0800 (PST)","2014","Dec","18",12
"Tue Dec 16 2014 12:00:00 GMT-0800 (PST)","2014","Dec","16",12
"Thu Dec 18 2014 12:00:00 GMT-0800 (PST)","2014","Dec","18",12
"Thu Dec 18 2014 12:00:00 GMT-0800 (PST)","2014","Dec","18",12
"Thu Dec 18 2014 12:00:00 GMT-0800 (PST)","2014","Dec","18",12
"Wed Dec 17 2014 12:30:00 GMT-0800 (PST)","2014","Dec","17",12
"Wed Jan 07 2015 12:30:00 GMT-0800 (PST)","2015","Jan","07",1
"Thu Dec 18 2014 12:30:00 GMT-0800 (PST)","2014","Dec","18",12
"Thu Dec 18 2014 12:00:00 GMT-0800 (PST)","2014","Dec","18",12
"Tue Dec 16 2014 12:00:00 GMT-0800 (PST)","2014","Dec","16",12
"Tue Dec 16 2014 12:00:00 GMT-0800 (PST)","2014","Dec","16",12
"Thu Jan 15 2015 04:00:00 GMT-0800 (PST)","2015","Jan","15",1
"Tue Jan 27 2015 04:30:00 GMT-0800 (PST)","2015","Jan","27",1
"Thu Dec 18 2014 12:00:00 GMT-0800 (PST)","2014","Dec","18",12
"Thu Dec 18 2014 12:00:00 GMT-0800 (PST)","2014","Dec","18",12
"Tue Dec 16 2014 12:00:00 GMT-0800 (PST)","2014","Dec","16",12
"Thu Dec 18 2014 12:00:00 GMT-0800 (PST)","2014","Dec","18",12
"Thu Dec 18 2014 12:00:00 GMT-0800 (PST)","2014","Dec","18",12
"Tue Dec 16 2014 12:00:00 GMT-0800 (PST)","2014","Dec","16",12
"Thu Dec 18 2014 12:00:00 GMT-0800 (PST)","2014","Dec","18",12
"Thu Dec 18 2014 12:00:00 GMT-0800 (PST)","2014","Dec","18",12
"Thu Dec 18 2014 11:30:00 GMT-0800 (PST)","2014","Dec","18",12
"Thu Dec 18 2014 12:00:00 GMT-0800 (PST)","2014","Dec","18",12
"Thu Dec 18 2014 11:30:00 GMT-0800 (PST)","2014","Dec","18",12
"Wed Dec 17 2014 12:30:00 GMT-0800 (PST)","2014","Dec","17",12
"Tue Jan 13 2015 12:30:00 GMT-0800 (PST)","2015","Jan","13",1
"Thu Jan 15 2015 04:00:00 GMT-0800 (PST)","2015","Jan","15",1
"Thu Dec 18 2014 12:00:00 GMT-0800 (PST)","2014","Dec","18",12
"Tue Dec 16 2014 12:00:00 GMT-0800 (PST)","2014","Dec","16",12
"Tue Dec 16 2014 12:00:00 GMT-0800 (PST)","2014","Dec","16",12
"Tue Jan 20 2015 04:30:00 GMT-0800 (PST)","2015","Jan","20",1
"Thu Dec 18 2014 12:00:00 GMT-0800 (PST)","2014","Dec","18",12
"Tue Dec 16 2014 12:00:00 GMT-0800 (PST)","2014","Dec","16",12
"Thu Dec 18 2014 12:00:00 GMT-0800 (PST)","2014","Dec","18",12
"Thu Dec 18 2014 11:30:00 GMT-0800 (PST)","2014","Dec","18",12
"Tue Jan 13 2015 04:30:00 GMT-0800 (PST)","2015","Jan","13",1
"Tue Dec 16 2014 12:00:00 GMT-0800 (PST)","2014","Dec","16",12
"Thu Dec 18 2014 12:00:00 GMT-0800 (PST)","2014","Dec","18",12
"Tue Jan 20 2015 04:30:00 GMT-0800 (PST)","2015","Jan","20",1
"Thu Dec 18 2014 12:00:00 GMT-0800 (PST)","2014","Dec","18",12
"Thu Dec 18 2014 12:00:00 GMT-0800 (PST)","2014","Dec","18",12
"Tue Dec 30 2014 15:00:00 GMT-0800 (PST)","2014","Dec","30",12
"Thu Dec 18 2014 12:00:00 GMT-0800 (PST)","2014","Dec","18",12
"Thu Jan 15 2015 04:00:00 GMT-0800 (PST)","2015","Jan","15",1
"Tue Dec 30 2014 15:00:00 GMT-0800 (PST)","2014","Dec","30",12
"Tue Dec 16 2014 12:00:00 GMT-0800 (PST)","2014","Dec","16",12
"Thu Dec 18 2014 12:00:00 GMT-0800 (PST)","2014","Dec","18",12
"Thu Dec 18 2014 11:30:00 GMT-0800 (PST)","2014","Dec","18",12
"Thu Dec 18 2014 12:30:00 GMT-0800 (PST)","2014","Dec","18",12
"Thu Dec 18 2014 12:00:00 GMT-0800 (PST)","2014","Dec","18",12
"Thu Dec 18 2014 12:00:00 GMT-0800 (PST)","2014","Dec","18",12
"Wed Dec 17 2014 12:30:00 GMT-0800 (PST)","2014","Dec","17",12
"Tue Dec 16 2014 12:30:00 GMT-0800 (PST)","2014","Dec","16",12
"Thu Jan 15 2015 04:00:00 GMT-0800 (PST)","2015","Jan","15",1
"Wed Dec 17 2014 12:30:00 GMT-0800 (PST)","2014","Dec","17",12
"Tue Dec 16 2014 12:30:00 GMT-0800 (PST)","2014","Dec","16",12
"Tue Dec 30 2014 13:00:00 GMT-0800 (PST)","2014","Dec","30",12
"Tue Dec 16 2014 12:00:00 GMT-0800 (PST)","2014","Dec","16",12
"Tue Dec 16 2014 12:00:00 GMT-0800 (PST)","2014","Dec","16",12
